post_id,text,likes,comments,reposts,views,attachments
2995381,"УМЕР ЛИАМ ПЕЙН.

31-летнего певца и бывшего солиста популярной группы One direction нашли мёртвым в Буэнос-Айресе после того, как он упал с третьего этажа отеля, в котором находился.

Я просто не хочу в это верить..",2014,118,1797,188732,"['photo', 'photo']"
2999975,"Сегодня свой 55-й День Рождения в тюрьме отмечает P.Diddy.

Сегодня исполнилось 55 лет Шону Комбсу, наиболее известному большинству по обвинениям в нас.лии, торговле людьми, избиении своей женщины, а также по его коллекции детского масла, которое покупалось, якобы, в прок.

Не поздравляем и ждём решение суда.",65,13,43,10999,"['photo', 'photo', 'photo', 'photo', 'photo']"
2999958,"НАД АРИАНОЙ ГРАНДЕ ИЗДЕВАЛИСЬ В ШКОЛЕ ИЗ-ЗА ЕЁ ЖЕЛАНИЯ СТАТЬ ПЕВИЦЕЙ.

На недавнем подкасте одна из самых популярных вокалисток современности Ариана Гранде рассказала о том, как выделялась среди своих одноклассников. Она с юных лет выступала и пела, за что окружающие её лишь буллили.

Сверстники смеялись над юной Арианой и издевательски задавали вопросы о том, хочет ли она иметь поклонников и быть знаменитой.

Сама же Гранде ответила на всё это тем, что она просто хочет заниматься пением, ведь это приносит ей удовольствие.",172,9,10,15896,"['photo', 'photo']"
2999950,"Небольшое напоминание от Megan Thee Stallion о том, что вы должны быть уверены в себе:",119,2,17,10567,['video']
2999937,"КИМ КАРДАШЬЯН ОСКВЕРНЯЕТ ПАМЯТЬ ПРИНЦЕССЫ ДИАНЫ.

Бизнесвумен вновь попала в скандал, связанный с винтажной вещью, ранее принадлежащей известной личности. На этот раз Ким посетила гала-вечер LACMA Art + Film Gala, на который выбрала платье от Gucci, дополнив его крестом принцессы Дианы.

Ранее это украшение принадлежало бизнесмену по имени Наим Аттала, а Диана несколько раз посещала в нем разные мероприятия. Так королева людских сердец была единственной знаменитостью, которая носила этот крест. После смерти Наима кулон достался его сыну и был продан на торгах за 163 тысячи фунтов Ким.

Многие были возмущены тем, какой образ примерила на себя миллиардерша вместе с этим кулоном, отмечая то, что она выглядит вульгарно и дёшево, выпячивая свою грудь с крестом Дианы напоказ.",244,13,40,40222,"['photo', 'photo', 'photo', 'photo']"
2999925,"КОЛЛАБ, КОТОРЫЙ НЕ ОЖИДАЛ НИКТО: Рианна выпустила коллаборацию с «Arcane».

Неожиданно для многих Fenty Beauty решили выпустить новую коллекцию в коллаборации с мультсериалом Аркейн. Коллекция будет называться «Fenty Beauty x Arcane: The Legends Vault».

Визажистка бренда Присцилла Оно уже высказалась по этому поводу, сказав, что это коллекция о сильных женщинах, которых показал сериал.",531,9,207,29172,"['photo', 'video', 'photo']"
2999907,"Короля Испании забросали грязью после ужасного наводнения в Валенсии.

В конце прошлого месяца в провинции Валенсия за восемь часов выпала годовая норма осадков, в результате которой погибло более 211-ти человек.

В регион было направлено более 10-ти тысяч военных и полицейских, которые занимались разбором завалов и помощью пострадавшим. Позже 3-го ноября в пригород Пайпорта прибыл и Филипп VI со своей супругой Летисией, которых жители освистали и закидали грязью с улиц, называя убийцами(видео прикрепили).

Сначала монарх хотел успокоить толпу, но у него не вышло, из-за чего король с Летисией прервали свой визит.",243,9,92,30224,"['photo', 'video', 'video']"
2999885,"Адель перевоплотилась в Мэдлин Эштон из фильма «Смерть ей к лицу». А заодно и обнялась с Мэрил Стрип.

На последнем концерте Адель была своя атмосфера Хэллоуина. Певица перевоплотилась в одну из главных героинь фильма «Смерть ей к лицу» 1992-го года, сыгранную Мэрил Стрип.

В зале присутствовала и сама актриса, перед которой Адель сначала сделала поклон, а после обняла и сказала, что очень её любит",907,4,55,45710,"['photo', 'video', 'photo']"
2999880,"23 ГОДА НАШИМ ЛЮБИМЫМ ШПИОНКАМ.

Вчера исполнилось 23 года с премьеры первой серии многими любимого мультсериала про модных шпионок «Totally Spies».

Всего шоу насчитывает уже 7 сезонов, и выход последнего сезона всё ещё идёт. Помимо этого Prime Video работает над адаптацией проекта в виде сериала.",301,11,66,11947,"['photo', 'photo']"
2999838,"RED или GREEN флаг: [https://vk.com/wall-88397640_2998044|Том Холланд] признался, что иногда гуглит [https://vk.com/wall-88397640_2991897|Зендаю]!

28-летний актер в подкасте ""On The Menu"" для журнала «People» признался, что последнее, что он искал в интернете была информация о его возлюбленной - Зендае. 

Том рассказал, что не использует социальные сети, поэтому Гугл - единственное средство узнать, что с его любимой все в порядке и ее не травят. 

«Да, возможно это немного тревожная вещь, но я действительно проверяю, все ли в порядке. Просматриваю новости, и потом такой: «Она хороша».

Напомним, Зендая и Том Холланд познакомилась во время работы над «Человеком-пауком» в 2017 году и начали встречаться в 2021 году, предпочитая сохранить свои отношения относительно приватными.

Вчера, кстати, парочка была замечена на улицах Бостона, куда Зендая отправилась на съемки нового фильма, а Том поехал с ней, чтобы поддержать.",735,8,62,54036,"['photo', 'photo']"
2999826,"Новый амбассадор Rhode

Пока Хейли Бибер постепенно приходит в себя после родов, её бренд Rhode объявил нового амбассадора. Им стала Александра Сен-Мле, блоггерша и девушка гонщика Формулы-1 Шарля Леклерка. Александра достаточно популярна в узких кругах, увлекающихся Формулой-1, но в последнее время её влияние активно расширяется. Vogue выпустил несколько статей, назвав её новой it-girl.

Немного об Александре. Ей 22 года, она родилась в Италии и увлекается искусством. О её отношениях с Шарлем впервые заговорили в 2023 году.",341,5,50,27655,"['photo', 'photo', 'photo', 'photo', 'photo']"
2999785,"Поклонники ""Волчонка"" шокированы преображением Кристал Рид

Кристал Рид являлась звездой сериала ""Волчонок"", пока не покинула его на третьем сезоне. По её словам, это было связано с желанием развивать свою карьеру и творческий потенциал и дальше. Однако с тех пор ярких проектов у Кристал не было, но многие поклонники сериала продолжают следить за ней в социальных сетях, и в последнее время они оказались шокированы изменениями актрисы. По мнению фанатов, Кристал Рид стала очередной жертвой культуры филеров.",505,41,234,49494,"['photo', 'photo', 'photo', 'photo', 'photo']"
2999768,"Кара Делевинь и Рене Рэпп повторили легендарный выход актрис

Кара Делевинь и Рене Рэпп объединились на Хэллоуин, чтобы повторить легендарные фото папарацци от Кэмерон Диас и Дрю Бэрримор. Зная о проблемах Кары, надеемся, что в бокале у неё сок или детское шампанское.",543,2,31,34405,"['photo', 'photo', 'photo', 'photo', 'photo', 'photo']"
2999745,"Брат Трэвиса Келси заступился за Тейлор Свифт

Американский футболист Трэвис Келси и Тейлор Свифт встречаются с лета 2023 года, но до сих пор многие фанаты не могут смириться с выбором спортсмена. Их бесит, что Тейлор на матчах уделяют больше времени, чем самой игре. 

Один из таких фанатов повстречался с Джейсоном Келси, братом Трэвиса и американским футболистом. Он шёл вслед за спортсменом, снимая его на телефон и выкрикивая: ""Как ты относишься к тому, что твой брат встречается с чёртовой Тейлор Свифт?"". В итоге Джейсон не выдержал, вырвал телефон у парня из рук и кинул на землю. 

Фанаты Тейлор оказались в восторге!",171,4,11,27322,"['photo', 'video']"
2999722,"Ариана Гранде полностью вжилась в роль Глинды

Ариана Гранде, сыгравшая роль Глинды в фильме ""Злая"", сейчас вовсю занята пиар-туром киноленты. Сегодня она появилась на премьере в Сиднее, Австралия. На Арине было пышное розовое платье от Vivienne Westwood, отсылающее к образу Глинды из фильма ""Волшебники страны Оз"" 1939-ого года.",374,7,23,27973,"['photo', 'photo', 'photo', 'photo', 'photo', 'photo']"
2999685,"«Если он хочет полететь в космос, то это сразу нет»: необычные требования Оливии Родриго к парням

В новом интервью 21-летняя певица Оливия Родриго рассказала о своих красных флагах в парнях. Одним из них является желание молодого человека полететь в космос. Оливия призналась, что задает вопрос об этом сразу на первом свидании. Если он отвечает да, то она сразу отказывается от отношений с ним. 

«Мне кажется, если ты хочешь полететь в космос, то ты слишком самодовольный. Я думаю, это просто странно».",360,28,79,51432,"['photo', 'photo', 'photo', 'photo', 'photo']"
2999654,"«ЭТО ЧТО ОДЕЯЛО?!»: новый выход Блейк Лайвли

Актриса Блейк Лайвли в последнее время стала чаще радовать нас своими публичными выходами. На этот раз она появилась на мероприятии LACMA Art+Film Gala. Для выхода был выбран наряд ручной работы от Tamara Ralph: сияющее короткое платье и оранжевая накидка, многим напомнившая уютное одеяло.",272,8,9,27238,"['photo', 'photo', 'photo', 'photo', 'photo']"
2999519,"Марго Робби родила раньше срока!

По информации надежных источников, Марго Робби впервые стала мамой ещё 17 октября.

Ее супруг Том Акерли был рядом с ней в этот трудный момент. У пары родился мальчик раньше положенного срока, но это не повлияло на здоровье малыша.

Сейчас ребенок и мама чувствуют себя хорошо! 

Поздравляем!",825,8,84,48388,['photo']
2999479,"ЭТО ЛУЧШЕЕ: Участницы группы под названием KATSEYE перевоплотились в WINX.

Набирающая популярность многонациональная группа на этот Хэллоуин решила перевоплотиться в феечек «Винкс». В коллективе как раз шесть участниц, что равноценно основному составу фей из первых сезонов мультсериала.",2093,26,331,57804,"['photo', 'photo', 'photo', 'photo', 'photo']"
2999451,"«Я НЕ ЖЕРТВА»,- САЛЕНА ГОМЕС ОТВЕТИЛА НА КРИТИКУ ЕЁ ФИГУРЫ НА ФОНЕ ПОСЛЕДНЕГО ВЫХОДА.

На днях в сторону певицы вновь полилось большое количество хейта и домыслов, связанных с её телом. 

После постоянных упреков в интернете мисс Гомес решила высказаться, написав комментарий, в котором рассказала, что у неё «синдром избыточного бактериального роста в кишечнике», который воспаляется. Девушка также добавила, что ей противно видеть такие комментарии, но она не является жертвой, она просто обычный человек.

Напоминаем, что в Селену часто упрекают за её фигуру, и новая волна началась после её последнего выхода (о котором [club88397640|мы писали ранее] )на премьере продолжения «Волшебников из Вейверли Плейс». Тогда одни писали, что она выглядит некрасиво, а другие начали подозревать её в беременности.",221,46,34,38829,['photo']
2999445,"Лара Крофт Ирина Шейк и её ночной перекус в виде пельменей.

38-летняя российская супермодель снова решила поделиться с подписчиками блюдом, которое она ела на этот раз в три часа ночи после Хэллоуинской вечеринки.

Иногда тоже хочется просто есть пельмешки в 3 ночи и иметь фигуру как у Иришки.",714,13,51,44402,['photo']
2999405,"ХУДОЖНИК «РАТАТУЙ» БЫЛ АРЕСТОВАН ЗА ПЕД.ФИЛИЮ.

59-летний художник и автор анимации мультфильмов киностудит Disney «Рататуй», «Тарзан», «Вверх», «Лило и Стич», «Суперсемейка» и др. был арестован за причатность к нас.лию над сотнями детей в возрасте от пяти до десяти лет.

Бухалем Бучиба заказывал подобного рода преступления у женщин на Филиппинах, наблюдая за происходящим через даркнет и давая им указания на жестокие обращения во время трансляций. 

Всё это происходило на протяжении почти десяти лет. Мужчину посадили на 25 лет, и в течение ещё 20-ти лет после отбывания срока ему будет запрещено устраиваться на работу, связанную с детьми.",252,46,671,32532,['photo']
2999392,"У кого-кого, а у Камилы Кабейо Хэллоуин прошел по максимуму.

Певица отметила страшный праздник на вечеринке у Кендалл Дженнер Chateau Marmont в Лос-Анджелесе. И, похоже, Кендалл угостила всех гостей своей текилой 818, потому что покидала Камила торжество в очень хорошем настроении и еле держась на ногах(видео в ленте).",668,6,158,55010,"['photo', 'video']"
2999369,"Скандальная чемпионка ОИ-2024 по боксу Хелиф снялась для обложки Vogue

Чемпионка Олимпиады в Париже боксёрша Имане Хелиф снялась для обложки Vogue Arabia. Фотографом стал Тарек Мавад.

Скандал с участием Хелиф начался после того как ее соперница отказалась от продолжения боя через 46 секунд после его начала. В дальнейшем Хелиф подверглась травле в интернете. Олимпийский комитет Алжира и МОК выступили в защиту боксёрши.",308,41,57,28831,"['photo', 'photo', 'photo', 'photo', 'photo', 'photo', 'photo', 'photo', 'photo']"
2999359,"Виттория принимает странные увлечения ДиКаприо

Источники поделились, что девушка Леонардо Виттория Черетти полностью принимает его одержимость динозаврами. Это сильно пугало многих девушек до нее, но Виттория считает это даже милым. 

Напомним, что это не единственная странность, которой она потакает, не так давно Лео заметили развлекающимся с подругой модели в клубе, а нас следующий день он снова был с Черетти, как ни в чем не бывало",322,7,41,76658,"['photo', 'photo', 'photo', 'photo']"
2999347,"В интервью Vogue Лана Дель Рей объяснила выбор своего спутника 

Хоть интервью и было записано за месяц до свадьбы, многие фанаты нашли в одной из его частей объяснение неожиданным отношениям певицы: 

«Большинство людей, с которыми я встречалась, хотели, чтобы Голливуд был третьей частью наших отношений. Когда я выйду замуж, это будет человек, который, как и я, верит, что любви достаточно. Я буду достаточна для него, а он - для меня. Кто-то, с кем можно завести детей, если это произойдет, или просто быть друзьями. Я хочу, чтобы все было просто: мне нужно быть с кем-то, кто хочет планировать оставаться дома со мной. Любовь нужно беречь, и это волшебно»",963,6,55,34834,['photo']
2999332,"Женя Медведева рассталась со своим парнем — фигуристом Дмитрием Чигиревым 

Пара провстречалась больше двух лет. Она рассказала о своих отношениях в июне прошлого года, когда поделилась романтичными снимками в социальных сетях. 

Девушка рассказала о том, что теперь свободна в интервью глянцевому журналу. Евгения поделилась, что она все равно мечтает о большой любви и счастливой семье.",227,2,22,44171,['photo']
2999305,"У Козы уже десятки тысяч подписчиков 

Ночью любимец Оксаны Самойловой и Джигана открыла аккаунт в запрещенной соцсети. Это инициатива, конечно, Оксаны. У животного уже 40 тысяч подписчиков, хоть контента пока мало. Ожидается, что поклонников станет только больше. 

Напомним, что Мими - подарок Джигана, о котором его супруга мечтала очень давно.",315,4,142,43642,"['photo', 'photo']"
2999267,"Джей Ло завершила автограф-сессию после провокационного вопроса о Пи Дидди.

Недавно в сети появились старые фотографии её конфликта с рэпером, сделанные в 2000 году, когда они были парой. Ссора произошла после церемонии VMA в клубе Lotus в Нью-Йорке 7 сентября. В тот вечер также произошел инцидент с изнасилованием 13-летней девушки, за который обвиняют Комбса.

Певица не смогла сдержать раздражение и быстро покинула мероприятие.",339,48,74,87550,"['photo', 'photo', 'photo', 'video']"
2999253,"«КИМ, РОН И РУФУС»,- Семья Биберов поделилась совместными костюмами на Хэллоуин.

Хейли поделилась октябрьской подборкой, среди снимков которой есть и семейные с Хэллоуина. На них Хейли - главная героиня мультфильма «Ким Пять с плюсом», а Джастин с Джеком Блюзом Рон Так-себе и его лучший друг Руфус.

Также в подберке есть милый снимок хэллоуинской пижамки малыша.",2242,16,258,69898,"['photo', 'photo', 'photo', 'photo', 'photo', 'photo', 'photo', 'photo', 'photo']"
2999218,"ИКОНЫ: Мэделин Петш и Камила Мендес в образах Ким и Шиго на Хэллоуин 2025.

Актрисы, наиболее известныепо сериалу «Ривердэйл» закосплеили героинь мультсериала Disney «Ким пять с плюсом» в канун Дня Всех Святых.

Жаль, в этом году без третьей подруги Лили Рейнхарт.",2389,24,253,73083,"['photo', 'photo', 'photo', 'photo']"
2999195,"ПЛАНЫ ЖИЗЕЛЬ БЮНДХЕН НА БУДУЩЕЕ.

Совсем недавно стало известно, что модель беременна от своего парня тренера по джиу-джитсу Хоакима Валенте, но оказывается, звезда не спешит выходить за него замуж.

Источники объясняют это тем, что Жизель располагает совсем другими финансовыми возможностями, чем Хоаким, поэтому она не хочет ставить себя в не самое безопасное положение.

Напомним, что для Бюндхен это будет третий ребёнок, а для Валенте первый.",140,5,7,25963,"['photo', 'photo']"
2999186,"Александра Даддарио родила!

Звезда «Белого лотоса» впервые стала мамой в канун Дня Всех Святых - Хэллоуин, именно поэтому ребёнку положили сладости.

Сама же Александра сказала, что была очень удивлена, увидев «эту миску с конфетами».",1044,53,117,68496,"['photo', 'photo']"
2999179,"WOW. Хейли Бибер в образе Ким Пять с плюсом.

Вторым нарядом для Хэллоуина 2024 бизнесвумен стал образ супершпионки- отличкицы Ким Пять с плюсом из одноименного мультсериала.

Заодно Хейли и затизерила новый шоколадный блеск Rhode, которым, по всей видимости, она накрасила верхнюю губу.",722,5,39,42287,"['photo', 'photo']"
2999170,"Хейди Клум снова удивляет образом на Хэллоуин.

Модель уже давно назвали Королевой Хэллоуина, и каждый поклонник этого праздника ждёт вечеринку Хайди и её новое перевоплощение.

На этот раз Хайди Клум и её муж Том Каулитц нарядились в образы Инопланетян из фильма «Инопланетянин» 1982 года.

Получилось очень масштабно и детализировано, впрочем, как и всегда.",996,8,181,40874,"['photo', 'photo', 'photo', 'photo', 'photo', 'photo']"
2999132,"ЛУЧШЕЕ ПОПАДАНИЕ В ОБРАЗ НА ХЭЛЛОУИН 2024: ИРИНА ШЕЙК В КОСТЮМЕ ЛАРЫ КРОФТ.

Это не первый образ модели для праздника в канун Дня Всех Святых, ранее Ирина перевоплощаясь в карандаш.

Но, кажется, этот костюм - это то, чего мы все так долго ждали.",4330,204,550,104217,"['photo', 'photo', 'photo', 'photo', 'photo']"
2999117,"Эльза Хоск в легендарном образе Принцессы Дианы на Хэллоуин 2024.

Сама леди Ди надела это платье на прием Vanity Fair в Serpentine Gallery в июне 1994-го года сразу после того, как её супруг принц Чарльз признался в своей измене.",506,10,29,36155,"['photo', 'photo', 'photo', 'photo', 'photo']"
2999100,"Муж Ланы Дель Рей оценил: Ким Кардашьян перевоплотилась в аллигатора-альбиноса.

На этот Хэллоуин миллиардерша решила предстать в очень необычном образе аллигатора. Как можно заметить, фотографии хоть и отфотошоплены, сам образ Ким с помошью грима.

Лучший костюм на Хэллоуин 2024 по версии Джереми Дюфрена.",1414,16,234,94793,"['photo', 'photo', 'video', 'video']"
2999098,"Пока одни на Хэллоуин перевоплощаются в Пэрис Хилтон, Пэрис Хилтон перевоплощается в Бритни Спирс.

На этот раз 43-летняя светская львица примерила на себя образ Бритни из клипа «Baby One More Time».",820,3,40,49799,"['photo', 'photo', 'photo', 'photo', 'photo']"
2999070,"Кендалл Дженнер и Хейли Бибер в образах Пэрис Хилтон и Николь Ричи.

Лучшие подруги решили в этом году представить парные образы из популярного шоу Simple Life.

Шоу, кстати, как мы ранее рассказывали, скоро вновь возвращается на большие экраны",1215,14,87,55028,"['photo', 'photo']"
2999068,"Коул Спроус и Ари Фурнье в образах охотника на аллигаторов и Ланы Дель Рей.

32-летний актёр Коул Спроус вместе со своей возлюбленной Ари Фурнье решили не отставать от трендов и примерить на себя, пожалуй, самый популярный парный образ.

Лана создает тренды.",333,2,30,21196,['video']
2999062,"Селена Гомес установила правила для социальных сетей.

Певица не раз переставала вести свои профили, объясняя это тем, что интернет токсичен и плохо влияет на её ментальное здоровье. Но сейчас, когда Гомес всё-таки вернулась в социальные сети, она установила для себя правила.

Например, Селена подписана исключительно на те профили, которые приносят ей удовольствие и вдохновляют. Звезда считает, что нужно уметь правильно пользоваться интернетом и пытается научить этому своих поклонников.",343,12,12,32641,"['photo', 'photo']"
2999042,"«ЧАК БАСС» И ЕГО ЖЕНА СТАНУТ РОДИТЕЛЯМИ.

Не так давно Эд Вествик и Эми Джексон сыграли роскошную свадьбу в Италии, и уже радуют поклонников новостями о пополнении в семье.

Поздравляем!",1088,7,181,43344,"['photo', 'photo', 'photo', 'photo']"
2999033,"СЕМЕЙНАЯ ЖИЗНЬ РОБЕРТА ПАТТИНСОНА И СЬЮКИ УОТЕРХАУС.

В начале этого года актёр и певица впервые стали родителями, и как сообщает пресса, звёзды отлично справляются со своими обязанностями.

Пара старается всегда проводить время с дочерью и работать по очереди. Семья любит путешествовать и уже берёт с собой свою малышку.

Ранее СМИ сообщали, что Паттинсон и Уотерхаус не собираются останавливаться на одном ребёнке.",296,3,12,25472,"['photo', 'photo']"
2999021,"МАРГО РОББИ СТАЛА МАМОЙ?

Сейчас фанаты актрисы активно обсуждают новое фото её мужа Тома Акерли, на котором он шёл с довольно большой коробкой подгузников.

Люди считают, что пара уже стала родителями, но пока не хочет официально сообщать новость миру, оставив это событие только для себя.

Теперь будет ждать подтверждения от самих Марго и Тома.",302,6,8,31931,"['photo', 'photo']"
2999000,"Софи Тернер и Люси Бойнтон ГЛАВНЫЕ ПРЕТЕНДЕНТКИ НА РОЛЬ ЛАРЫ КРОФТ.

Грядет очередной перезапуск по мотивам популярной видеоигры Tomb Raider, но на этот раз в формате сериала от Amazon MGM Studios.

Ранее на большом экране роль Лары воплотили Анджелина Джоли в 2001-м году и Алисия Викандер в 2018-м.",252,22,42,34992,['photo']
2998975,"Преображение Сидни Суини для новой роли.

Ранее сообщалось, что 27-летняя актриса исполнит роль легендарной боксёрши Кристи Мартин, которую разместили в Зале боксерской славы Невады и Международном зале боксерской славы. 

Очень интересно увидеть, что это будет за фильм по итогу, ведь от Сидни подобную роль ждали многие.",702,15,123,70488,"['photo', 'photo']"
2998952,"«ХОЧУ ТР*ХНУТЬ СЕЛЕНУ ГОМЕС В РОТ», - Бенни Бланко опубликовал трэк рэпера, унижавшего Селену.

На днях возлюбленный Селены Гомес опубликовал в своих соцсетях песню рэпера Tyler, The Creator. Сразу после публикации поклонники певицы возмутились тому, что Бенни поддержал человека, который писал отвратительные вещи про певицу.

Однако, многие также встали и на защиту Бланко, говоря, что он не должен как-либо отслеживать старые публикации никаких музыкантов, чьи песни в моменте могли ему понравиться.

Сам же Tyler, The Creator, к слову, несколько лет назад извинился перед Селеной за свои слова, но интернетпользователи не собираются забывать подобное.",166,10,51,44098,"['photo', 'photo', 'photo']"
2998934,"Кайли Дженнер в образе героини Барбареллы в преддверии Хэллоуина.

Миллионерша каждый год примеряет на себя множество разных образов в честь празднования Хэллоуина. В этом году Дженнер перевоплотилась в героиню Галактики Барбареллу из научно-фантастического фильма 1968 года».",1188,11,67,76554,"['photo', 'photo', 'photo']"
2998878,"Джейкоб Элорди был признан «самым сексуальным мужчиной-сердцеедом».

Часть 2. По опросу издания People актёр победил в категории «Самый сексуальный новый сердцеед», обойдя в ней Николаса Голицына, Гэвина Касаленьо и Мэнни Хасинто.

Похоже, на это повлиял фильм «Солтберн» с Джейкобом в главной роли.",281,10,112,40680,"['photo', 'photo']"
2998831,"Роберт Паттинсон был назван «самым сексуальным новоиспечённым отцом», обойдя Джастина Бибера.

Часть1. Издание People опубликовало список самых сексуальных мужчин по версии их читателей. Так Роберта Паттинсона признали самым сексуальным отцом.

Актёр обошел в этой категории Джастина Бибера, Малуму и Коула Такера.",438,16,84,55164,"['photo', 'photo']"
2998814,"ЧЕННИНГ ТАТУМ И ЗОИ КРАВИЦ РАЗОРВАЛИ ПОМОЛВКУ.

По сообщениям таблоидов одна из самых атмосферных парочек Голливуда рассталась после трёх лет отношений. Также Зои Кравиц заметили без кольца, что толькоподтвердило эти новости.

В прошлом году Ченнинг сделал предложение Зои, и пара готовилась к свадьбе.",359,5,111,43218,"['photo', 'photo', 'photo', 'photo', 'photo']"
2998740,"Селену Гомес вновь захейтили в сети из-за её фигуры.

После премьеры продолжения сериала «Волшебники из Вэйверли Плэйс» в сети вновь подняли тему обсуждения фигуры 32-летней Селены Гомес. 

Многие пишут негативные комментарии в адрес певицы, перенесшей операцию по пересадке почки, называя её толстой и непропорциональной, а также говоря, что Гомес нельзя носить такого рода платья.

Кто-то также начал некрасиво шутить на тему того, что Селена беременна. И здесь стоит напомнить, что она буквально в конце лета в интервью рассказала о том, что не сможет выносить ребёнка, из-за чего или прибегнет к суррогатному материнству, или решится взять ребёнка из детского дома.",966,173,349,137780,"['photo', 'video']"
2998726,"АРМИ ХАММЕРУ НРАВЯТСЯ ОБВИНЕНИЯ В КАННИБАЛИЗМЕ.

Со времён обвинений некогда популярного актёра в каннибализме и изнасилованиях прошло уже несколько лет, и Арми сделал свои выводы по ситуации.

На презентации своего подкаста Хаммер рассказал, что теперь ему нравится «вся эта каннибальская фигня», потому что это производит много шума. Также он добавил, что теперь без проблем может пошутить насчет того, что он тот самый, якобы, каннибал.

А мы напомним, что после скандала вокруг переписок с Арми и обвинений в каннибализме он был уволен из всех грядущих проектов. После Хаммер работал на островах, продавая туры посетителям отелей, а недавно продал свой внедорожник из-за нехватки денег на бензин для него.",142,8,27,34699,"['photo', 'photo']"
2998715,"Дочка Дэвида Генри с сумочкой, на которой изображена героиня Селены Гомес Алекс Руссо.

Вчера состоялась премьера продолжения сериала «Волшебники из Вэйверли Плэйс», на которой появились Дэвид Генри и Селена Гомес.

И, пожалуй, самым милым моментом вечера можно назвать появление дочки Дэвида с милой розовой сумочкой, на которой была изображена Алекс Руссо.",1504,3,174,100277,"['photo', 'video']"
2998701,"Новая фотосессия Ланы Дель Рей!

Королева грусти, стройности и аллигаторов появилась на обложке нового Итальянского Vogue ноябрь. 

Снимки сделаны фотографом Стивеном Майзелем.",741,20,43,28218,"['photo', 'photo', 'photo', 'photo', 'photo', 'photo']"
2998663,"«ЛУЧШИЙ АКТЕР»: [https://vk.com/wall-88397640_2985063|Об «Оскаре» мечтал Петров], но получит, видимо, Юра Борисов!

Буквально пару часов назад стало известно о том, что российский актер [https://vk.com/wall-88397640_2955239|Юра Борисов] представлен в номинации «Лучший актер второго плана» на престижной Американской премии -  Gotham Awards 2024 за роль в фильме «Анора».

Всего у фильма четыре номинации:
Лучший фильм (Анора)
Лучший режиссер (Шон Бейкер)
Лучшая актриса (Майки Мэдисон)
Лучший актер второго плана (Юра Борисов) 

Конкуренцию нашему Юре составят: Гай Пирс, Киран Калкин, Наташа Лионн. 

Ранее, актер уже неоднократно отмечался иностранными кинокритиками за свой талант: например в 2021 году он был номинирован на [https://vk.com/wall-88397640_2595804|Премию Европейской киноакадемии], как «лучший актер».

Если вдруг вы пропустили: Фильм «Анора» американского режиссера Шона Бэйкера с российскими актерами [https://vk.com/wall-88397640_2985601|Юрой Борисовым и Марком Эндельтейном] в главных ролях этой весной забрал главную награду Каннского кинофестиваля - Пальмовую ветвь.

Критики без сомнений говорят о том, что «Анора» будет представлена сразу в нескольких номинациях на самом «Оскаре».

Кстати, помимо успешной карьеры, Юра отлично справляется с [https://vk.com/wall-88397640_2599022|ролью мужа и отца двух лапочек-дочек]. Актер уже несколько лет женат на актрисе Анне Шевчук и воспитывает двух дочерей - Акулину и Марфу.

Поздравляем нашего слоняру и очень гордимся!",1392,25,520,68292,"['photo', 'photo', 'photo']"
2998656,"Вы готовы вернуться в детство? Состоялась премьера продолжения ""Волшебников из Вэйверли Плэйс""

Семья Руссо вновь собрала вместе на премьере сериала ""Волшебники за пределами Вэйверли Плэйс"". Спин-офф расскажет историю волшебницы Билли, которая была подослана Алекс, для обучения магии у Джастина.",677,20,175,55095,"['photo', 'photo', 'photo', 'photo', 'photo']"
2998648,"История о том, как Тимоти Шаламе проиграл на соревновании своих двойников

27 октября в Нью-Йорке прошло соревнование двойников Тимоти Шаламе. Идея мероприятия пришла в голову одному из фанатов и собрала много желающих получить заветные 50$ в качестве приза. Пока ни о чём не подозревающие фанаты Тимоти собирались в парке, сам актёр решил неожиданно появиться на соревновании. Выиграть ему не удалось, ведь лучшим ""Тимоти Шаламе"" был признан молодой человек в костюме Вилли Вонка.",639,6,120,64817,"['photo', 'photo', 'photo', 'photo', 'photo', 'photo']"
2998632,"Внимание! В интернете новый мем: «Она приняла субстанцию»

Мы уже рассказывали о фильме [https://vk.com/voguelite?w=wall-88397640_2994520|""Субстанция""], который завирусился в социальных сетях, породив новые дискуссии и мемы, конечно. Пользователи прикрепляют фотографии двух похожих личностей и пишут, что те приняли таинственную субстанцию.",446,6,181,36367,"['photo', 'photo', 'photo', 'photo', 'photo']"
2998624,"Кайли Дженнер меняется под влиянием clean girl aesthetic

Думаем, многие заметили, как за последний десяток лет резко поменялись тренды. От плотного и тяжелого макияжа 2015-2016 мы перешли к дерзкому и ""альтушному"" в 2019-2020, чтобы наконец оказаться в в эре ""clean girl"".

Кайли Дженнер как одна из самых влиятельных медиа-персон не может избежать следования модным веяниям. СМИ сообщают, что девушка жалеет о большом количестве пластических операций и хочет вернуться к более естественному образу. 

«Она осознает, что зашла слишком далеко».",408,4,34,44439,"['photo', 'photo', 'photo', 'photo', 'photo']"
2998615,"Фиби Тонкин помолвлена!

Актриса Фиби Тонкин, прославившаяся своими ролями в ""Дневниках вампира"" и ""H2O: Просто добавь воды"", объявила о помолвке с Бернардом Ланграджем, директором арт-консалтингового агентства. Пара скрывала свои отношения, но, предположительно, они начали встречаться весной этого года.",777,1,86,34912,"['photo', 'photo', 'photo', 'photo']"
2998607,"Вся в белом: новый выход Блейк Лайвли

Актриса Блейк Лайвли появилась на премии Совета дизайнеров Америки CFDA, которая вчера проходила в Нью-Йорке. Блейк предстала на ковровой дорожке в total-white наряде от Michael Kors, который и сопровождал её на мероприятии.

Очень освежающий образ!",433,4,15,25925,"['photo', 'photo', 'photo', 'photo', 'photo']"
2998598,"Канадская поп-звезда снялась для бренда Ким Кардашьян

Тэйт Макрэй, 21-летняя поп-звезда и танцовщица, снялась для зимней рекламной кампании Ким Кардашьян. В последнее время её хиты ""Greedy"", ""exes"" и другие завирусились в Тик-Токе, так что неудивительно, что Ким позвала для съемки восходящую звезду.",213,7,14,28126,"['photo', 'photo', 'photo', 'photo', 'photo', 'photo']"
2998583,"Том Брэди кусает локти: Жизель Бюндхен станет мамой в третий раз!

44-летняя супермодель Жизель Бюндхен ожидает третьего ребёнка от своего 35-летнего бойфренда Хоакима Валенте.

Напомним, что с 2009 по 2022 годы Жизель была в браке американским футболистом Томом Брэди. У пары есть двое совместных детей: 14-летний Бенджамин и 11-летняя Вивьен.",212,6,11,33308,"['photo', 'photo']"
2998572,"Джонни Депп вновь снимется в фильме «Дневной пьяница» с Пенелопой Крус 

61-летний актёр не перестает сниматься в новых фильмах. И на этот раз он вновь сыграет с Пенелопой Крус, с которой они вместе работали над кинолентами: «Пираты Карибского моря: На странных берегах», «Ко.аин» и «Убийство в Восточном экспрессе».

Четвёртой совместной работой актёров станет фильм «Дневной пьяница», режиссёром которого выступит Марка Уэбб. История расскажет о пьянице и барменше, которые попадают в криминальную аферу.",293,5,24,25212,"['photo', 'photo']"
2998553,"КРИСА БРАУНА ОБВИНИЛИ В ИЗНАС.ЛОВАНИИ НА ЯХТЕ P.Diddy.

Вслед за Пи Дидди начали высказываться и в сторону исполнителя Криса Брауна, которого многие могут знать не по каким-то хитам, а по истории с избиением Рианны в 2009-м году.

Сейчас же мужчину обвиняют в изнас.ловании, которое произошло, со слов потерпевшей, в 2020-м году на яхте Шона Комбса. В новом документальном фильме Investigation Discovery девушка утверждает, что на вечеринке Крис несколько раз давал ей бокал с алкоголем, после чего она начала чувствовать усталость, а её разум помутнел.

Далее Браун отвел потерпевшую в спальню, где и произошло преступление. После акта нас.лия музыкант записал свой номер в контакты ей на телефон.",231,15,77,58606,['photo']
2998520,"Барбара Палвин и Дилан Спроус уже вовсю отмечают Хэллоуин.

Супруги поделились новыми снимками своих парных образов для вечеринки в честь самых страшных выходных осени. 

Для мероприятия Барбара перевоплотилась в Кристину Даэ, а Дилан в Эрика из мюзикла «Призрак оперы».",1090,14,96,45249,"['photo', 'photo', 'photo', 'photo', 'photo', 'photo']"
2998512,"Адель расплакалась, увидев Селин Дион на своем концерте.

Во время исполнения своей песни «When We Were Young» на последнем концерте в Лас-Вегасе певица увидела среди зрителей зала легендарную Селин Дион. Адель сразу же перестала петь и подошла к Селин, попытавшись её обнять. Во время этого трогательного момента британская певица расплакалась, а после попросила зал поаплодировать Дион.

Сама же Селин тоже не смогла сдержать слёз после такого жеста и поблагодарила зал за поддержку.

Хотим напомнить, что Адель является давней поклонницей легендарной певицы, и даже место, которое она выбрала для выступления, было построено для концертной резиденции Дион.",1633,17,98,70584,"['photo', 'video']"
2998497,"Лили Роуз-Депп снова в деле.

На днях дочку Джонни Деппа и Ванессы Паради заметили за работой над какой-то новой рекламной кампанией в Беверли Хиллз.

25-летняя модель и актриса давно не появлялась в медиа пространстве, и, похоже, решила вернуться в преддверии выхода фильма «Носферату», где исполнила главную роль.",689,11,84,84781,"['photo', 'photo', 'photo', 'photo', 'photo']"
2998468,"Инстасамка - новая солистка Ленинграда

О таком решении группа сообщила в своем телеграмм-канале. Сергей Шнуров возвращается с новым альбомом впервые за шесть лет. Совместная демо-версия пластинки уже готова.

Сама Инстасамка также подтвердила сотрудничество и даже выложила отрывок из предстоящего совместного клипа в свои социальные сети.  Премьера состоится 8 ноября.",272,13,541,51679,"['photo', 'video']"
2998462,,425,3,41,28177,['video']
2998446,"Нурлан Сабуров встретил Марго Робби

В новом стендап-концерте комик рассказал, что во время турне по Америке, он побывал в Нью-Йорке, где и встретил вместе с женой голивудскую звезду во время ужина в ресторане: 

«Садится прямо за соседний столик, а я с женой сижу, но и Марго с парнем. Мы сделали вид, как будто друг друга не хотим»",461,18,67,54716,['photo']
2998417,"Умерла племянница Деми Ловато.

Ранее мы писали о том, что сестра Деми Ловато Мэдисон Де Ла Гарза, исполнившая роль Хуаниты в «Отчаянных домохозяйках», объявила о своей беременности. 

К сожалению, девушке были вынуждены сделать экстренное кесарево сечение, в результате чего ребенок не выжил.",625,22,707,127833,"['photo', 'photo']"
2998403,"Лана Дель Рей дала первый комментарий о своем браке 

Во время своего первого выхода в свет после свадьбы с гидом по аллигаторам Джереми Дюфреном, Лана Дель Рей впервые публично высказалась о супружеской жизни. 

До этого она лишь кратко давала информацию в комментариях социальных сетей фанатов, на мероприятии ее ответ был также очень кратким: «Все хорошо. Мы счастливы».

Напомним, что ранее появились слухи о том, что близкие певицы обеспокоены ее быстрым замужеством.",350,7,7,47284,['photo']
2998372,"Лана Дель Рей вернулась к работе 

Несменная стилистка певицы Молли Диксон поделилась на своей странице в социальных сетях, что находится на съемках неизвестного проекта. 

Судя по реквизиту, можно сказать, что это как-то относится к грядущей пластинке «Lasso», которую фанаты уже не надеялись услышать в этом году.",341,3,7,38073,"['photo', 'photo', 'video']"
2998326,"Болгар была стилистом и вдохновителем Павла Дурова

Ирина опубликовала на своей странице новые подробности совместной жизни с бывшим мужем. В этот раз она рассказала, что она была дизайнером почти всей одежды которую сейчас носит создатель Telegram. 

Также она привела Павла во многие его хобби. К примеру, Болгар познакомила его с йогой:  «Я познакомила Павла с йогой. Научила его играть на пианино, а он наслаждался музыкой любимого композитора. Павел также присоединился к моей страсти к автогонкам, став моим постоянным пассажиром».",182,41,69,50182,"['photo', 'photo']"
2998284,"Хейли Бибер умеет выбирать моделей для рекламных кампаний бренда Rhode.

Модель и бывший ангел Victoria’s Secret Эльза Хоск появилась в небольшой рекламной кампании нового продукта Rhode Skin - барьерного масла.

Эстетика Эльзы идеально сочетается с эстетикой бренда Хейли.",1157,7,82,113595,"['photo', 'video', 'photo', 'photo', 'photo', 'video']"
2998270,"Энн Хэтэуэй уже отмечает Хэллоуин!

До самой страшной ночи года осталось всего несколько дней, так что знаменитости уже начали перевоплощаться в разных персонажей.

Энн нечасто можно увидеть в каких-то образах на Эллоуин, но в этом году уже показала один из них, перевоплотившись в мрачную Статую Свободы.

На футболке Хэтэуэй, кстати, написано «Boo York City».",354,5,22,35388,"['photo', 'photo', 'photo', 'photo']"
2998238,"Худеющий кот Крошик умер...

Кот Крошик из Перми прославился на весь мир из-за своих проблем с лишним весом. В августе, когда его нашли в подвале пермской больницы, он весил 17 килограмм. Ветеринары держали в курсе процесса похудения кота, и последние замеры остановились на отметке ""14 килограмм"", однако организм животного не выдержал. Точная причина смерти будет обнародована позже. Сейчас известно только то, что несколько дней назад Крошику стало плохо и он начал задыхаться.",528,17,210,37749,"['photo', 'photo']"
2998232,"Лана Дель Рэй задала новый тренд на Хэллоуин

В этом году Лана Дель Рэй стала женой Джереми Дюфрена, 56-летнего охотника на аллигаторов и туристического гида из Луизианы. Многие поклонники певицы решили вдохновиться свадьбой пары и примерить их образы на себя для Хэллоуина. 

Под постом одной из пар Лана уже оставила комментарий:

«я не могу с вам ребята🐊 вы выглядите мило»",1116,2,181,51231,"['photo', 'photo', 'photo', 'photo']"
2998217,"Парные образы Селены Гомез и Бенни Бланко на Хэллоуин

Бенни Бланко и Селена Гомез впервые совместно празднуют Хэллоуин. В честь этого певица и её молодой человек решили выбрать парные образы. Селена переоделась в Алису из ""Алиса в Стране Чудес"", а Бенни предстал в образе Безумного Шляпника.",885,101,66,38773,"['photo', 'photo', 'photo', 'photo']"
2998212,"Оксана Самойлова купила козе свитер за 80 тысяч рублей?

Недавно СМИ распространяли новость о том, что Оксана Самойлова купила своей козе свитер от Fendi за [https://vk.com/voguelite?w=wall-88397640_2994621|80 тысяч рублей]. Однако сама бизнесвумен это быстро опровергла. На красной дорожке Оксана призналась журналистам, что это фейковый свитер с Ozon за 300 рублей.

«Я что сумасшедшая?! Я даже детям Fendi не покупаю!»",149,5,16,31944,"['photo', 'photo']"
2998194,"Теперь Джейкоб Элорди — это иностранная версия Александра Петрова

Только недавно мы говорили о том, что Джейкоб Элорди может сыграть [https://vk.com/voguelite?w=wall-88397640_2997187|нового Патрика Бейтмана], как появились новости о его новой работе. Джейкоб Элорди и Элизабет Дебики сыграют главные роли в фильме, который расскажет историю любви и гибели Кэролин Бессет-Кеннеди и Джона Кеннеди-младшего.",371,6,54,39061,"['photo', 'photo', 'photo', 'photo', 'photo']"
2998180,"Оливия Манн гордо показала свои шрамы в рекламной кампании Skims

Актриса Оливия Манн стала новой героиней рекламной кампании бренда Ким Кардашьян. На снимках Оливия, не скрывая, демонстрирует свои шрамы от двойной мастэктомии, которую ей пришлось пережить в 2023 году. Тогда актрисе поставили диагноз ""редкий рак молочной железы"". Ей пришлось также удалить яичники, матку и фаллопиевы трубы.

Рекламная кампания приурочена к месяцу осведомленности о раке молочной железы. Оливия призналась, что эти шрамы являются отражением того, как тяжело она боролась.",791,4,65,47424,"['photo', 'photo', 'photo', 'photo', 'photo', 'photo']"
2998166,"Мысли только об одном: новый выход Камиллы Кабейо

Певица Камилла Кабейо появилась на ковровой дорожке мероприятия Instyle Imagemaker Awards. Она наконец вернула привычный тёмный цвет волос и подчеркнула это приталенным розовым платьем от Elie Saab и белой меховой накидкой.",518,10,42,26895,"['photo', 'photo', 'photo', 'photo', 'photo', 'photo']"
2998134,"Лили Аллен рассказала, как может зарабатывать на фото своих ног на «OnlyFans» больше, чем на музыке. 

Певица Лили Аллен, находящаяся в браке с актером Дэвидом Харбором, рассказала, что этим летом решила завести аккаунт на «OnlyFans». Там она стала выкладывать только снимки своих ступней.

По словам Лили, эти фото приносят ей около 10ти тысяч долларов в месяц от тысячи подписчиков, в то время, как выплаты от 8-ми миллионов слушателей на Spotify ей приносят около 100 тысяч долларов. 

Так при теоретических восьми миллионах зрителей на Онлифанс Лили могла бы зарабатывать около 80-ти миллионов долларов ежемесячно.

Как сказала сама Аллен: «Не вините игрока, вините игру».",403,23,580,80556,"['photo', 'photo']"
2998127,"Лиззо выбрала костюм Оземпика на Хэллоун 2024.

Кажется, певица решила выбрать настоящую базу в этом году, нарядившись в самый хайповый препарат для похудения, а точнее в его более дешевый аналог из серии «Южного Парка», который назывался Лиззо.

Кажется, это тот образ, который ждали все люди из комментариев певицы, утверждающие, что она худеет на Оземпике.",377,10,60,44984,"['photo', 'video', 'photo', 'video']"
2998110,"Самый преданный друг Сабрины Карпентер 

Фанаты Сабриары Карпентер запустили новую серию постов в социальных сетях, они умиляются тандему Сабрины со своим гитаристом. Музыкант в команде певицы с самого начала и ни разу не покинул ее, несмотря на падения. 

В его социальных сетях можно найти множество старых видео/фото со старых выступлений из еще совсем небольших залов. И, конечно, он с ней и сейчас на одном из самых успешных туров в истории Short n' Sweet Tour",398,7,23,32823,['video']
2998083,"Как фанаты «сверхъестественного» должны смириться с финалом [https://vk.com/wall-88397640_2214366|Дина Винчестера], если даже сам Дженсен Эклз этого не сделал?!

Если вы когда-нибудь испытывали угрызения совести из-за того, что слишком привязаны к герою какого-либо сериала или фильма, знайте - вам нечего стыдиться. 

Душераздирающий финал культового сериала «сверхъестественное» вышел более 4-х лет назад, однако смириться с ним не могут и по сей день не большая часть самых поклонников, ни даже исполнитель главной роли - Дженсен Эклз.

В сети о последней серии 15 сезона отзываются исключительно как о «финале, которого нет и никогда не было», так как происходящее в нем, ничем иным, как издевательством и насмешкой над Дином Винчестером - не назовешь.

К слову, подобным отношением к своему персонажу остался недоволен и сам исполнитель роли Дина Винчестера - Дженсен Эклз. 

24 января в день рождения своего персонажа он устроил вечеринку и пригласил всех актеров и работников сериала. 

Кроме того, он снял собственное шоу «Винчестеры», в котором рассказывается о жизни родителей братьев - Мэри и Джоне Винчестеров и конечно же появился там и сам в роли Дина. 

По честным признаниям большей части поклонников, они делают вид, что последней серии и вовсе не было. Видимо тоже самое делает и сам актер.

И мы его прекрасно понимаем.",403,28,86,32890,"['photo', 'photo', 'photo', 'photo', 'photo', 'photo', 'photo', 'photo', 'photo']"
2998066,"Кендалл Дженнер и её бесконечные ноги в новой фотосессии.

Вместе с работой для издания M Magazine у модели вышла ещё одна съёмка, но уже для бренда нижнего белья Calzedonia.

Как жаль, что их колготки не смогут сделать такие же длинные ноги как у Кендалл.",739,13,145,35936,"['photo', 'photo', 'photo', 'photo', 'photo', 'photo', 'photo', 'photo', 'photo']"
2998044,"ЧЕЛОВЕК-ПАУК СПАС СВОЮ ЭМ-ДЖЕЙ: [https://vk.com/wall-88397640_2997928|Том Холланд защитил Зендаю] от обезумевшей толпы фанатов и папапацци.

Минувшим вечером Том Холланд подтвердил, что он настоящий супергерой, спасая свою возлюбленную Зендею в толпе фанатов и журналистов. 

Все произошло в тот момент, когда звездная парочка под ручку возвращалась с вечеринки и неожиданно была настигнута толпой поклонников и фотографов. Под натиском Зендая разжала руку бойфренда и в миг была окружена напирающей живой стенкой.

В оригинальной видеозаписи можно услышать, как Том Холланд с тревогой в голосе говорит: «Нет, нет, нет» видя происходящее.

Страшно то, что в это время неизвестные мужчины начали отталкивать Тома Холланда в сторону и буквально удержать его. 

К счастью актер быстро среагировал и расталкивая всех, чуть ли не дерясь, смог снова пробраться к девушке и вывести ее из толпы. 

[https://vk.com/clip-88397640_456245430?c=1|В видео-клипе] в какой-то момент становится по-настоящему страшно за ребят.

Эх, девочки, нам всем нужен Том Холланд.",1334,16,323,57345,['video']
2998038,"Джастин Бибер сделал милый подарок своей жене.

В своих соцсетях Хейли Бибер поделилась снимком растения(предположительно, это тамаринд), которое ей подарил муж. Девушка написала, что этот подарок был сделан просто так, добавив, что такие мелочи всегда имеют значение.

Это так мило.",1046,2,56,83948,"['photo', 'photo']"
2998025,"Лана Дель Рей вышла в свет с обручальным кольцом.

Вчера 39-летняя певица посетила премию InStyle Imagemaker Awards в белом платье с меховой накидкой, но всё внимание приковало к себе сверкающее украшение на безымянном пальце.

Не так давно Лана вышла замуж за укротителя крокодилов Джереми Дюфрена и, наконец, продемонстрировала обручальное кольцо, подаренное возлюбленным.",463,4,22,30679,"['photo', 'photo', 'photo', 'photo', 'photo']"
2997999,"Почему в сети считают, что P.Diddy причастен к смерти Лиама Пейна.

В ряде небольших новостных порталов вышли статьи о том, что Шон Комбс может быть причастен к смерти популярного певца. Причиной этому послужило то, что в теле Лиама было найдено то же запрещённое вещество, которое было у всех людей Пи Дидди «от дворецкого до повара», чтобы предлагать гостям белых вечеринок(по всей видимости, и не только).

Помимо этого поклонники певца удивлены тому, что он долгое время был в завязке, и вдруг решил сорваться, приняв сразу смесь из пяти веществ в смертельном количестве.

В сети уверены, что Лиама убрали люди P.Diddy, потому что он собирался рассказать подробности, касающиеся закулисья и насилия в Голливуде.",182,20,132,38713,"['photo', 'photo', 'photo', 'photo']"
2997966,"Воссоединение лучших друзей: [https://vk.com/wall-88397640_2991059|Милли Бобби Браун и Ноа Шнапп] веселятся на концерте Сабрины Карпентер.
 
Несколько дней назад, 20-летняя актриса Милли Бобби Браун официально связала себя узами брака с Джейком Бонджови, отметив это пышной свадебной церемонией, на которой присутствовали только близкие друзья и родственники. Среди них был и коллега по сериалу «Очень странные дела» - актер Ноа Шнапп, с которым девушка дружит практически с младенчества. 

Долгое время, почти целый год Милли и Ноа не появлялись нигде публично, и поклонники переживали, что многолетней дружбе звезд пришел конец. 

К счастью, это оказалось неправдой, и на днях Милли Бобби Браун была замечена наедине с лучшим другом на концерте Сабрины Карпентер в рамках ее мирового тура «Short n' Sweet» в Атланте, Джорджия. 

Перед началом исполнения «Juno» певица отметила, что сегодня на шоу присутствует ее хорошие приятели Милли и Ноа, подарив им сценические наручники прямо со сцены.",590,2,18,50655,"['photo', 'photo', 'photo']"
2997928,"РАЗДАЛИ СТИЛЯ: [https://vk.com/wall-88397640_2995961|Зендея и Том Холланд] на ночном свидании в Нью-Йорке.

Этой ночью в отеле Tribeca's Greenwich в центре Нью-Йорка состоялась закрытая вечеринка в честь запуска бренда «Bero» семьи Холландов, которую, конечно же, посетила невестка - Зендая под ручку с бойфрендом Томом Холландом.

По этому поводу самая милая парочка Голливуда даже подобрала парные образы: Zendaya в костомном платье Louis Vuitton от Nicolas Ghesquière с глубоким V-образным вырезом и металлическим поясом, а Том Холланд в черных брюках, белых кроссовках и футболке, которая идеально сочеталась с платьем Зендаи.

Ну просто король и королева стиля.",1336,21,195,41989,"['photo', 'photo', 'photo']"
2997912,"Показы закончились, поэтому Ирина Шейк вернулась к обычной жизни и начала попадать под прицелы папарацци вместе с Лией.

Вот, например, на днях маму с дочкой утром засняли по дороге в школу. Судя по выражению лица девочки, она была явно недовольна (Как же мы её понимаем).

В качестве образа Ирина выбрала строгий чёрный наряд, а Лия наоборот предпочла розовое платье принцессы.",278,4,22,29084,"['photo', 'photo']"
2997887,"Новый выход Изабеллы Хадид.

Модель подловили папарацци после посещения пилатеса в спортивном зале Лос-Анджелеса.

Кажется, Белла снова задает тренды, и скоро галоши с трусами-шортами будут носить все модницы.",889,27,138,69400,"['photo', 'photo', 'photo']"
2997876,"Друзья Ланы Дель Рей обеспокоены её новым браком?

Совсем недавно певица впервые вышла замуж, правда, по сообщениям некоторых СМИ приближённые к ней люди опасаются, что брак продлится недолго.

Сообщается, что друзья Ланы считают её супруга отличным человеком, но они также знают, что Дель Рей может быстро «перегореть» и в какой-то момент понять, что свадьба была ошибкой, так как они с её мужем ведут разные стили жизни.

Напомним, что Лана и её возлюбленный Джереми Дюфрен знакомы ещё с 2019-го года, но их дружба переросла в настоящие отношения недавно. Ну а спустя месяц пара сыграла свадьбу.",205,40,15,39767,"['photo', 'photo', 'photo', 'photo']"
